1900,1,528.74 ,202.50 
1900,2,523.48 ,221.31 
1900,3,517.78 ,239.36 
1900,4,516.84 ,258.91 
1900,5,510.25 ,277.67 
1900,6,496.49 ,296.58 
1900,7,485.37 ,314.16 
1900,8,479.18 ,332.05 
1900,9,476.19 ,348.45 
1900,10,475.55 ,3.32 
1900,11,474.21 ,18.69 
1900,12,476.04 ,32.51 
1901,1,473.09 ,46.38 
1901,2,472.34 ,59.97 
1901,3,472.46 ,72.09 
1901,4,471.94 ,86.02 
1901,5,468.60 ,99.22 
1901,6,463.73 ,113.19 
1901,7,459.38 ,127.14 
1901,8,454.09 ,142.19 
1901,9,449.95 ,157.98 
1901,10,446.35 ,174.62 
1901,11,443.09 ,192.17 
1901,12,438.35 ,209.94 
1902,1,433.08 ,229.00 
1902,2,432.85 ,248.48 
1902,3,435.36 ,266.71 
1902,4,436.65 ,285.94 
1902,5,439.17 ,303.95 
1902,6,435.00 ,321.78 
1902,7,431.99 ,338.17 
1902,8,432.46 ,354.25 
1902,9,435.35 ,9.85 
1902,10,440.81 ,23.99 
1902,11,445.41 ,38.10 
1902,12,447.01 ,51.84 
1903,1,447.84 ,65.36 
1903,2,452.05 ,78.82 
1903,3,455.29 ,91.00 
1903,4,460.18 ,104.76 
1903,5,467.23 ,118.90 
1903,6,472.20 ,133.58 
1903,7,479.73 ,148.41 
1903,8,489.94 ,164.53 
1903,9,495.75 ,181.54 
1903,10,500.69 ,198.82 
1903,11,511.91 ,218.13 
1903,12,527.27 ,236.76 
1904,1,541.05 ,256.30 
1904,2,547.20 ,275.74 
1904,3,553.03 ,293.47 
1904,4,561.61 ,312.38 
1904,5,570.04 ,329.23 
1904,6,580.80 ,345.78 
1904,7,590.99 ,1.28 
1904,8,602.98 ,16.25 
1904,9,614.24 ,30.63 
1904,10,621.77 ,44.09 
1904,11,621.90 ,57.72 
1904,12,625.27 ,70.74 
1905,1,638.22 ,84.67 
1905,2,662.88 ,98.31 
1905,3,670.58 ,110.84 
1905,4,671.09 ,125.19 
1905,5,674.89 ,139.63 
1905,6,681.94 ,155.82 
1905,7,687.41 ,171.79 
1905,8,695.38 ,189.18 
1905,9,709.21 ,207.45 
1905,10,736.60 ,225.79 
1905,11,742.76 ,245.22 
1905,12,734.99 ,264.76 
1906,1,715.61 ,284.04 
1906,2,719.47 ,302.73 
1906,3,725.99 ,318.87 
1906,4,732.10 ,335.96 
1906,5,743.34 ,352.16 
1906,6,747.19 ,7.35 
1906,7,744.77 ,21.59 
1906,8,721.78 ,36.24 
1906,9,690.75 ,50.02 
1906,10,690.97 ,63.12 
1906,11,710.21 ,76.57 
1906,12,737.78 ,89.64 
1907,1,737.67 ,103.37 
1907,2,733.63 ,117.95 
1907,3,724.86 ,131.09 
1907,4,704.78 ,146.32 
1907,5,696.03 ,161.78 
1907,6,707.58 ,178.64 
1907,7,728.54 ,196.39 
1907,8,740.93 ,214.97 
1907,9,732.96 ,234.17 
1907,10,711.16 ,253.04 
1907,11,679.86 ,272.52 
1907,12,669.70 ,291.60 
1908,1,670.53 ,309.99 
1908,2,672.05 ,327.53 
1908,3,670.98 ,343.08 
1908,4,680.10 ,358.92 
1908,5,685.50 ,13.80 
1908,6,673.51 ,28.27 
1908,7,664.61 ,41.79 
1908,8,662.16 ,55.46 
1908,9,669.42 ,69.40 
1908,10,679.30 ,82.42 
1908,11,686.46 ,96.02 
1908,12,678.60 ,109.43 
1909,1,670.56 ,123.73 
1909,2,663.86 ,139.12 
1909,3,642.42 ,153.15 
1909,4,618.19 ,169.54 
1909,5,622.71 ,186.22 
1909,6,629.23 ,204.35 
1909,7,632.05 ,222.59 
1909,8,620.52 ,242.61 
1909,9,608.20 ,262.16 
1909,10,591.48 ,280.86 
1909,11,582.72 ,299.67 
1909,12,577.64 ,317.11 
1910,1,570.74 ,334.85 
1910,2,563.82 ,351.10 
1910,3,559.23 ,4.84 
1910,4,552.47 ,20.14 
1910,5,538.60 ,33.91 
1910,6,518.43 ,47.75 
1910,7,504.48 ,60.87 
1910,8,495.58 ,74.33 
1910,9,488.60 ,87.83 
1910,10,487.59 ,101.53 
1910,11,486.60 ,115.56 
1910,12,482.33 ,129.60 
1911,1,478.42 ,144.76 
1911,2,475.03 ,160.69 
1911,3,469.98 ,176.34 
1911,4,459.23 ,193.97 
1911,5,452.07 ,211.82 
1911,6,451.23 ,230.94 
1911,7,449.91 ,249.78 
1911,8,447.41 ,269.94 
1911,9,444.80 ,289.09 
1911,10,441.31 ,306.98 
1911,11,436.73 ,324.67 
1911,12,435.93 ,340.91 
1912,1,436.34 ,356.86 
1912,2,434.89 ,12.33 
1912,3,435.35 ,25.89 
1912,4,437.76 ,39.95 
1912,5,437.53 ,53.65 
1912,6,437.68 ,67.16 
1912,7,439.43 ,80.17 
1912,8,440.73 ,93.73 
1912,9,440.36 ,107.56 
1912,10,438.21 ,121.79 
1912,11,435.75 ,136.59 
1912,12,432.87 ,151.56 
1913,1,430.79 ,167.86 
1913,2,430.28 ,185.05 
1913,3,426.56 ,201.27 
1913,4,420.43 ,220.67 
1913,5,419.04 ,239.36 
1913,6,416.61 ,258.91 
1913,7,414.71 ,277.67 
1913,8,415.21 ,296.58 
1913,9,415.15 ,315.34 
1913,10,415.08 ,332.05 
1913,11,415.02 ,348.45 
1913,12,414.96 ,3.82 
1914,1,414.89 ,18.69 
1914,2,414.82 ,32.97 
1914,3,416.97 ,45.46 
1914,4,428.06 ,59.07 
1914,5,436.64 ,72.09 
1914,6,441.19 ,86.02 
1914,7,444.84 ,99.22 
1914,8,447.28 ,113.19 
1914,9,451.23 ,127.63 
1914,10,454.41 ,142.19 
1914,11,458.42 ,158.52 
1914,12,464.69 ,174.62 
1915,1,471.99 ,192.17 
1915,2,483.53 ,210.57 
1915,3,496.62 ,227.72 
1915,4,508.46 ,247.83 
1915,5,518.41 ,266.71 
1915,6,535.40 ,285.94 
1915,7,560.17 ,303.95 
1915,8,587.56 ,321.78 
1915,9,609.12 ,338.72 
1915,10,626.80 ,354.78 
1915,11,642.88 ,9.85 
1915,12,651.27 ,23.99 
1916,1,659.20 ,38.56 
1916,2,666.76 ,52.29 
1916,3,673.11 ,64.91 
1916,4,684.08 ,78.37 
1916,5,695.84 ,91.46 
1916,6,711.09 ,105.23 
1916,7,715.94 ,119.38 
1916,8,712.20 ,134.08 
1916,9,702.97 ,149.45 
1916,10,691.98 ,165.08 
1916,11,689.47 ,182.12 
1916,12,688.50 ,200.04 
1917,1,694.47 ,218.77 
1917,2,702.60 ,238.06 
1917,3,710.42 ,255.65 
1917,4,721.19 ,275.10 
1917,5,728.26 ,294.10 
1917,6,738.42 ,312.38 
1917,7,742.73 ,329.23 
1917,8,751.18 ,345.78 
1917,9,768.28 ,1.79 
1917,10,788.20 ,16.25 
1917,11,816.60 ,30.63 
1917,12,860.11 ,44.09 
1918,1,898.13 ,57.72 
1918,2,917.79 ,71.64 
1918,3,926.31 ,83.77 
1918,4,940.77 ,97.39 
1918,5,965.24 ,110.84 
1918,6,976.13 ,125.19 
1918,7,976.88 ,140.14 
1918,8,971.79 ,155.82 
1918,9,967.13 ,172.35 
1918,10,966.24 ,189.18 
1918,11,953.24 ,207.45 
1918,12,934.59 ,225.79 
1919,1,925.07 ,245.87 
1919,2,911.78 ,265.41 
1919,3,893.38 ,282.77 
1919,4,877.79 ,301.51 
1919,5,880.21 ,318.87 
1919,6,876.52 ,336.51 
1919,7,856.26 ,352.16 
1919,8,832.18 ,7.35 
1919,9,820.98 ,22.55 
1919,10,824.88 ,36.24 
1919,11,822.33 ,50.02 
1919,12,812.74 ,63.12 
1920,1,812.50 ,76.57 
1920,2,826.11 ,90.10 
1920,3,834.02 ,103.37 
1920,4,817.97 ,117.47 
1920,5,804.91 ,131.59 
1920,6,793.98 ,146.84 
1920,7,782.15 ,162.33 
1920,8,767.18 ,179.79 
1920,9,752.66 ,197.61 
1920,10,745.02 ,215.60 
1920,11,744.52 ,234.82 
1920,12,736.56 ,253.70 
1921,1,734.47 ,273.17 
1921,2,727.21 ,292.85 
1921,3,711.92 ,309.39 
1921,4,689.38 ,326.96 
1921,5,663.57 ,343.08 
1921,6,646.71 ,358.92 
1921,7,630.05 ,13.80 
1921,8,617.06 ,28.27 
1921,9,612.04 ,42.25 
1921,10,610.11 ,55.91 
1921,11,605.29 ,69.40 
1921,12,602.86 ,82.42 
1922,1,597.37 ,96.02 
1922,2,584.83 ,109.90 
1922,3,568.76 ,123.24 
1922,4,569.16 ,138.11 
1922,5,567.28 ,153.15 
1922,6,571.99 ,169.54 
1922,7,562.59 ,186.22 
1922,8,549.63 ,204.35 
1922,9,542.48 ,223.87 
1922,10,536.73 ,242.61 
1922,11,543.56 ,262.16 
1922,12,534.25 ,280.86 
1923,1,519.02 ,299.67 
1923,2,505.06 ,318.28 
1923,3,497.84 ,333.73 
1923,4,491.35 ,350.05 
1923,5,488.17 ,5.34 
1923,6,479.56 ,20.14 
1923,7,459.61 ,33.91 
1923,8,454.80 ,47.75 
1923,9,454.35 ,61.32 
1923,10,451.12 ,74.33 
1923,11,453.60 ,88.29 
1923,12,455.82 ,101.53 
1924,1,450.99 ,115.56 
1924,2,449.95 ,130.10 
1924,3,450.40 ,144.24 
1924,4,451.06 ,160.69 
1924,5,455.24 ,176.91 
1924,6,461.44 ,194.58 
1924,7,468.49 ,212.45 
1924,8,476.70 ,231.58 
1924,9,482.53 ,251.09 
1924,10,487.27 ,270.59 
1924,11,492.34 ,289.72 
1924,12,497.25 ,307.58 
1925,1,500.91 ,325.24 
1925,2,505.53 ,342.00 
1925,3,511.66 ,356.86 
1925,4,518.93 ,11.83 
1925,5,527.23 ,25.89 
1925,6,536.52 ,40.41 
1925,7,543.41 ,53.65 
1925,8,549.38 ,67.16 
1925,9,560.65 ,80.62 
1925,10,576.86 ,93.73 
1925,11,594.07 ,107.56 
1925,12,619.49 ,121.79 
1926,1,652.97 ,136.59 
1926,2,678.84 ,152.09 
1926,3,698.18 ,166.75 
1926,4,710.86 ,183.87 
1926,5,717.14 ,201.88 
1926,6,728.94 ,220.67 
1926,7,738.78 ,239.36 
1926,8,749.23 ,258.91 
1926,9,752.84 ,278.31 
1926,10,753.90 ,297.20 
1926,11,753.09 ,315.34 
1926,12,747.37 ,332.05 
1927,1,754.09 ,348.45 
1927,2,762.98 ,4.33 
1927,3,777.41 ,17.72 
1927,4,795.45 ,32.04 
1927,5,793.77 ,45.46 
1927,6,792.25 ,59.07 
1927,7,790.00 ,72.54 
1927,8,791.62 ,86.02 
1927,9,789.61 ,99.68 
1927,10,786.65 ,113.19 
1927,11,775.90 ,127.63 
1927,12,771.57 ,142.70 
1928,1,771.56 ,158.52 
1928,2,769.97 ,175.20 
1928,3,768.25 ,191.57 
1928,4,781.89 ,209.94 
1928,5,802.75 ,228.36 
1928,6,819.00 ,248.48 
1928,7,827.52 ,267.36 
1928,8,824.33 ,286.57 
1928,9,822.46 ,305.16 
1928,10,821.75 ,322.36 
1928,11,814.81 ,339.81 
1928,12,800.15 ,355.30 
1929,1,784.59 ,10.34 
1929,2,773.62 ,24.94 
1929,3,763.37 ,38.10 
1929,4,750.00 ,51.84 
1929,5,734.32 ,64.91 
1929,6,715.60 ,78.37 
1929,7,721.71 ,91.46 
1929,8,743.45 ,105.69 
1929,9,749.66 ,119.86 
1929,10,743.89 ,134.08 
1929,11,735.97 ,149.45 
1929,12,727.76 ,165.08 
1930,1,713.61 ,182.70 
1930,2,690.30 ,200.66 
1930,3,669.14 ,217.50 
1930,4,657.76 ,236.76 
1930,5,651.44 ,255.65 
1930,6,632.09 ,275.10 
1930,7,598.26 ,294.10 
1930,8,573.62 ,312.38 
1930,9,568.14 ,329.80 
1930,10,565.59 ,345.78 
1930,11,561.51 ,1.79 
1930,12,555.76 ,16.25 
1931,1,551.74 ,30.63 
1931,2,548.22 ,44.55 
1931,3,543.53 ,57.26 
1931,4,535.97 ,70.74 
1931,5,527.73 ,83.77 
1931,6,522.61 ,97.39 
1931,7,520.50 ,110.84 
1931,8,513.72 ,125.19 
1931,9,503.57 ,140.65 
1931,10,496.26 ,155.82 
1931,11,491.12 ,172.35 
1931,12,491.15 ,189.18 
1932,1,490.96 ,207.45 
1932,2,488.29 ,227.07 
1932,3,484.66 ,245.22 
1932,4,481.36 ,264.76 
1932,5,479.38 ,283.41 
1932,6,476.07 ,302.12 
1932,7,474.79 ,320.04 
1932,8,476.87 ,337.06 
1932,9,478.90 ,353.21 
1932,10,477.18 ,7.85 
1932,11,472.86 ,23.03 
1932,12,467.12 ,36.71 
1933,1,462.68 ,50.48 
1933,2,460.17 ,64.01 
1933,3,459.24 ,76.13 
1933,4,458.42 ,90.10 
1933,5,455.93 ,103.37 
1933,6,452.35 ,117.47 
1933,7,448.45 ,131.59 
1933,8,443.29 ,146.84 
1933,9,439.48 ,163.43 
1933,10,439.04 ,179.79 
1933,11,438.58 ,197.61 
1933,12,438.12 ,215.60 
1934,1,437.64 ,234.82 
1934,2,437.15 ,254.35 
1934,3,436.69 ,272.52 
1934,4,438.71 ,291.60 
1934,5,444.63 ,309.39 
1934,6,448.78 ,326.96 
1934,7,450.31 ,343.08 
1934,8,453.19 ,359.44 
1934,9,454.57 ,14.30 
1934,10,454.87 ,28.27 
1934,11,456.97 ,42.71 
1934,12,461.26 ,55.91 
1935,1,466.98 ,69.40 
1935,2,472.20 ,82.87 
1935,3,477.56 ,95.10 
1935,4,481.50 ,108.96 
1935,5,482.99 ,123.24 
1935,6,491.61 ,138.11 
1935,7,503.73 ,153.15 
1935,8,512.95 ,169.54 
1935,9,524.95 ,186.81 
1935,10,541.89 ,204.97 
1935,11,563.44 ,223.87 
1935,12,584.41 ,242.61 
1936,1,603.02 ,262.16 
1936,2,621.58 ,281.50 
1936,3,639.94 ,299.67 
1936,4,660.95 ,317.70 
1936,5,683.68 ,334.29 
1936,6,698.03 ,350.58 
1936,7,707.85 ,5.84 
1936,8,716.61 ,20.62 
1936,9,727.97 ,34.84 
1936,10,748.54 ,48.20 
1936,11,763.39 ,61.77 
1936,12,777.42 ,75.23 
1937,1,796.16 ,88.74 
1937,2,819.34 ,102.45 
1937,3,843.11 ,115.09 
1937,4,870.57 ,129.60 
1937,5,891.34 ,144.76 
1937,6,898.12 ,160.69 
1937,7,907.68 ,176.91 
1937,8,926.30 ,194.58 
1937,9,949.64 ,213.08 
1937,10,972.86 ,231.58 
1937,11,1002.32 ,251.74 
1937,12,1020.43 ,270.59 
1938,1,1031.12 ,289.72 
1938,2,1041.59 ,308.19 
1938,3,1044.16 ,324.09 
1938,4,1031.17 ,341.45 
1938,5,1019.89 ,356.86 
1938,6,1008.79 ,11.83 
1938,7,1003.68 ,26.37 
1938,8,1002.85 ,40.41 
1938,9,1002.29 ,54.10 
1938,10,1001.14 ,67.16 
1938,11,1002.56 ,80.62 
1938,12,994.42 ,93.73 
1939,1,997.15 ,108.02 
1939,2,994.79 ,122.28 
1939,3,989.61 ,135.58 
1939,4,984.57 ,151.03 
1939,5,979.39 ,166.75 
1939,6,992.12 ,184.46 
1939,7,996.33 ,201.88 
1939,8,992.99 ,220.67 
1939,9,983.06 ,240.01 
1939,10,971.06 ,258.91 
1939,11,965.03 ,278.31 
1939,12,966.65 ,297.20 
1940,1,964.55 ,315.34 
1940,2,964.49 ,332.61 
1940,3,953.35 ,347.92 
1940,4,934.83 ,3.82 
1940,5,933.02 ,18.20 
1940,6,939.78 ,32.51 
1940,7,937.38 ,45.92 
1940,8,921.44 ,59.97 
1940,9,900.96 ,73.43 
1940,10,884.38 ,86.48 
1940,11,873.37 ,100.14 
1940,12,867.77 ,113.67 
1941,1,872.33 ,128.13 
1941,2,858.81 ,143.73 
1941,3,837.47 ,157.98 
1941,4,818.50 ,174.62 
1941,5,810.44 ,191.57 
1941,6,799.77 ,209.94 
1941,7,797.54 ,229.00 
1941,8,783.15 ,248.48 
1941,9,767.54 ,268.00 
1941,10,758.48 ,286.57 
1941,11,758.58 ,305.16 
1941,12,766.73 ,322.36 
1942,1,765.65 ,339.81 
1942,2,760.15 ,355.82 
1942,3,749.12 ,9.35 
1942,4,732.14 ,24.46 
1942,5,715.32 ,38.10 
1942,6,704.54 ,51.84 
1942,7,687.96 ,64.91 
1942,8,681.73 ,78.37 
1942,9,671.44 ,92.37 
1942,10,654.60 ,105.69 
1942,11,652.42 ,119.86 
1942,12,659.06 ,134.08 
1943,1,668.59 ,149.45 
1943,2,647.89 ,165.64 
1943,3,620.85 ,181.54 
1943,4,593.56 ,199.43 
1943,5,575.65 ,217.50 
1943,6,569.08 ,236.76 
1943,7,558.19 ,255.65 
1943,8,543.71 ,275.74 
1943,9,526.51 ,294.72 
1943,10,518.40 ,312.38 
1943,11,515.87 ,329.80 
1943,12,514.37 ,345.78 
1944,1,509.96 ,1.79 
1944,2,501.28 ,16.74 
1944,3,497.40 ,30.16 
1944,4,488.27 ,44.55 
1944,5,477.28 ,57.72 
1944,6,466.61 ,71.19 
1944,7,463.12 ,84.22 
1944,8,460.02 ,97.85 
1944,9,459.98 ,111.78 
1944,10,462.38 ,126.17 
1944,11,464.21 ,141.16 
1944,12,466.03 ,156.36 
1945,1,470.61 ,172.92 
1945,2,475.68 ,190.38 
1945,3,479.59 ,207.45 
1945,4,487.36 ,226.43 
1945,5,498.64 ,245.22 
1945,6,510.29 ,264.76 
1945,7,523.55 ,283.41 
1945,8,533.28 ,302.12 
1945,9,539.38 ,320.62 
1945,10,553.99 ,337.06 
1945,11,572.35 ,353.21 
1945,12,579.31 ,8.35 
1946,1,585.51 ,23.03 
1946,2,608.54 ,37.17 
1946,3,634.48 ,49.57 
1946,4,658.13 ,63.12 
1946,5,682.80 ,76.57 
1946,6,706.04 ,90.10 
1946,7,739.32 ,103.37 
1946,8,781.12 ,117.47 
1946,9,812.60 ,132.08 
1946,10,836.72 ,146.84 
1946,11,880.37 ,163.43 
1946,12,919.40 ,179.79 
1947,1,939.31 ,197.61 
1947,2,954.81 ,216.23 
1947,3,974.81 ,233.52 
1947,4,1008.31 ,253.70 
1947,5,1036.14 ,272.52 
1947,6,1049.54 ,291.60 
1947,7,1070.89 ,309.39 
1947,8,1091.76 ,326.96 
1947,9,1099.68 ,344.16 
1947,10,1091.55 ,359.44 
1947,11,1085.35 ,14.30 
1947,12,1072.92 ,28.27 
1948,1,1060.29 ,42.71 
1948,2,1067.32 ,56.36 
1948,3,1062.41 ,68.95 
1948,4,1061.16 ,82.42 
1948,5,1054.43 ,95.56 
1948,6,1043.56 ,109.90 
1948,7,1033.82 ,123.73 
1948,8,1022.71 ,138.61 
1948,9,1023.29 ,154.22 
1948,10,1029.86 ,170.10 
1948,11,1058.20 ,187.40 
1948,12,1077.58 ,205.58 
1949,1,1063.11 ,224.51 
1949,2,1040.28 ,243.92 
1949,3,1027.97 ,261.51 
1949,4,1018.90 ,280.86 
1949,5,1013.30 ,299.67 
1949,6,1012.94 ,317.70 
1949,7,1023.44 ,334.29 
1949,8,1021.74 ,350.58 
1949,9,1011.39 ,6.35 
1949,10,985.12 ,20.62 
1949,11,967.01 ,34.84 
1949,12,958.32 ,48.20 
1950,1,951.15 ,61.77 
1950,2,935.80 ,75.68 
1950,3,920.92 ,87.83 
1950,4,887.40 ,101.53 
1950,5,853.39 ,115.09 
1950,6,815.42 ,129.60 
1950,7,787.42 ,144.76 
1950,8,768.25 ,160.69 
1950,9,749.24 ,177.49 
1950,10,731.95 ,194.58 
1950,11,727.91 ,213.08 
1950,12,731.76 ,232.23 
1951,1,729.03 ,251.74 
1951,2,718.20 ,271.24 
1951,3,719.60 ,288.46 
1951,4,724.60 ,306.98 
1951,5,722.13 ,324.67 
1951,6,720.00 ,341.45 
1951,7,714.72 ,356.86 
1951,8,703.53 ,11.83 
1951,9,689.36 ,26.84 
1951,10,670.73 ,40.41 
1951,11,641.85 ,54.10 
1951,12,614.43 ,67.16 
1952,1,598.41 ,80.62 
1952,2,593.31 ,94.65 
1952,3,583.42 ,107.56 
1952,4,568.07 ,121.79 
1952,5,558.11 ,136.09 
1952,6,550.51 ,151.56 
1952,7,546.19 ,167.30 
1952,8,540.47 ,185.05 
1952,9,535.09 ,203.11 
1952,10,532.81 ,221.31 
1952,11,530.69 ,240.66 
1952,12,526.46 ,259.56 
1953,1,518.69 ,279.58 
1953,2,508.20 ,298.43 
1953,3,502.14 ,314.75 
1953,4,498.18 ,332.05 
1953,5,492.46 ,347.92 
1953,6,484.00 ,3.82 
1953,7,474.88 ,18.20 
1953,8,469.94 ,32.51 
1953,9,469.49 ,46.38 
1953,10,465.57 ,59.97 
1953,11,459.49 ,73.43 
1953,12,454.08 ,86.48 
1954,1,449.78 ,100.14 
1954,2,446.28 ,114.14 
1954,3,440.17 ,127.63 
1954,4,435.43 ,142.70 
1954,5,435.34 ,157.98 
1954,6,435.23 ,174.62 
1954,7,435.13 ,191.57 
1954,8,435.03 ,210.57 
1954,9,434.93 ,229.65 
1954,10,434.83 ,248.48 
1954,11,436.87 ,268.00 
1954,12,439.92 ,286.57 
1955,1,445.79 ,305.16 
1955,2,453.52 ,323.51 
1955,3,455.71 ,338.72 
1955,4,456.16 ,354.78 
1955,5,461.92 ,9.85 
1955,6,471.47 ,24.46 
1955,7,479.82 ,38.10 
1955,8,488.49 ,51.84 
1955,9,500.57 ,65.36 
1955,10,515.62 ,78.82 
1955,11,538.23 ,92.37 
1955,12,563.67 ,105.69 
1956,1,585.17 ,119.86 
1956,2,614.20 ,134.58 
1956,3,651.55 ,148.93 
1956,4,693.55 ,165.64 
1956,5,733.81 ,182.12 
1956,6,773.60 ,200.04 
1956,7,810.92 ,218.13 
1956,8,858.46 ,237.41 
1956,9,909.74 ,257.61 
1956,10,949.26 ,276.38 
1956,11,980.05 ,295.34 
1956,12,1010.96 ,312.97 
1957,1,1043.15 ,330.36 
1957,2,1070.30 ,346.85 
1957,3,1079.39 ,1.28 
1957,4,1085.55 ,16.25 
1957,5,1098.70 ,30.16 
1957,6,1115.77 ,44.55 
1957,7,1125.80 ,57.72 
1957,8,1147.85 ,71.19 
1957,9,1167.71 ,84.67 
1957,10,1173.60 ,97.85 
1957,11,1178.38 ,112.25 
1957,12,1199.10 ,126.17 
1958,1,1225.80 ,141.16 
1958,2,1232.60 ,156.90 
1958,3,1243.37 ,171.79 
1958,4,1256.44 ,189.78 
1958,5,1267.52 ,207.45 
1958,6,1278.38 ,226.43 
1958,7,1288.18 ,245.22 
1958,8,1295.15 ,264.76 
1958,9,1299.17 ,284.04 
1958,10,1294.57 ,302.73 
1958,11,1290.17 ,320.62 
1958,12,1294.90 ,337.06 
1959,1,1303.98 ,353.21 
1959,2,1293.79 ,8.85 
1959,3,1274.95 ,22.07 
1959,4,1254.98 ,36.24 
1959,5,1238.22 ,49.57 
1959,6,1228.53 ,63.56 
1959,7,1230.74 ,76.57 
1959,8,1225.23 ,90.10 
1959,9,1222.64 ,103.84 
1959,10,1215.16 ,117.47 
1959,11,1210.15 ,132.08 
1959,12,1209.22 ,147.36 
1960,1,1205.58 ,163.43 
1960,2,1194.88 ,180.37 
1960,3,1192.91 ,197.00 
1960,4,1180.33 ,215.60 
1960,5,1161.51 ,234.82 
1960,6,1145.38 ,254.35 
1960,7,1134.79 ,273.17 
1960,8,1116.29 ,292.23 
1960,9,1096.19 ,310.59 
1960,10,1083.58 ,327.53 
1960,11,1064.11 ,344.70 
1960,12,1046.35 ,0.26 
1961,1,1033.60 ,14.79 
1961,2,1018.48 ,29.68 
1961,3,1004.17 ,42.25 
1961,4,994.48 ,55.91 
1961,5,979.89 ,68.95 
1961,6,967.11 ,82.42 
1961,7,960.82 ,96.02 
1961,8,951.67 ,109.90 
1961,9,940.72 ,124.21 
1961,10,928.21 ,138.61 
1961,11,903.45 ,154.22 
1961,12,879.58 ,170.10 
1962,1,860.33 ,188.00 
1962,2,842.23 ,206.20 
1962,3,822.96 ,223.23 
1962,4,799.73 ,242.61 
1962,5,785.41 ,261.51 
1962,6,770.14 ,281.50 
1962,7,749.21 ,299.67 
1962,8,723.56 ,317.70 
1962,9,702.65 ,334.85 
1962,10,687.20 ,350.58 
1962,11,669.13 ,6.35 
1962,12,652.79 ,20.62 
1963,1,640.69 ,34.84 
1963,2,639.20 ,48.66 
1963,3,634.27 ,61.32 
1963,4,627.01 ,74.78 
1963,5,607.95 ,87.83 
1963,6,588.23 ,101.53 
1963,7,582.14 ,115.09 
1963,8,580.49 ,130.10 
1963,9,572.77 ,145.28 
1963,10,561.85 ,160.69 
1963,11,548.66 ,177.49 
1963,12,542.82 ,194.58 
1964,1,540.92 ,213.08 
1964,2,541.73 ,232.88 
1964,3,540.90 ,251.09 
1964,4,537.94 ,270.59 
1964,5,535.26 ,289.09 
1964,6,532.38 ,307.58 
1964,7,530.19 ,325.24 
1964,8,523.13 ,342.00 
1964,9,508.88 ,357.89 
1964,10,498.87 ,12.82 
1964,11,487.30 ,27.32 
1964,12,473.59 ,40.87 
1965,1,465.97 ,54.55 
1965,2,465.80 ,68.05 
1965,3,465.15 ,80.62 
1965,4,463.49 ,94.19 
1965,5,465.09 ,107.56 
1965,6,468.55 ,121.79 
1965,7,470.96 ,136.09 
1965,8,472.38 ,151.56 
1965,9,474.29 ,168.42 
1965,10,478.39 ,185.05 
1965,11,481.98 ,203.11 
1965,12,483.55 ,221.31 
1966,1,485.58 ,240.66 
1966,2,488.96 ,260.86 
1966,3,492.44 ,278.31 
1966,4,501.24 ,297.20 
1966,5,511.55 ,314.75 
1966,6,520.35 ,332.05 
1966,7,532.88 ,347.92 
1966,8,548.01 ,3.82 
1966,9,561.31 ,18.69 
1966,10,573.48 ,32.51 
1966,11,587.73 ,46.83 
1966,12,604.68 ,59.97 
1967,1,630.43 ,73.43 
1967,2,659.50 ,86.93 
1967,3,687.12 ,99.22 
1967,4,709.37 ,113.67 
1967,5,722.17 ,127.63 
1967,6,735.12 ,142.70 
1967,7,748.18 ,157.98 
1967,8,770.09 ,174.62 
1967,9,785.07 ,192.17 
1967,10,798.79 ,210.57 
1967,11,817.05 ,229.65 
1967,12,836.34 ,248.48 
1968,1,843.16 ,268.00 
1968,2,844.43 ,287.20 
1968,3,842.26 ,305.16 
1968,4,854.23 ,322.94 
1968,5,872.34 ,339.27 
1968,6,880.07 ,355.30 
1968,7,882.22 ,10.34 
1968,8,895.86 ,24.94 
1968,9,903.89 ,39.02 
1968,10,900.71 ,52.29 
1968,11,893.50 ,65.81 
1968,12,889.70 ,79.27 
1969,1,899.69 ,92.82 
1969,2,914.65 ,106.62 
1969,3,917.31 ,119.38 
1969,4,915.02 ,134.08 
1969,5,914.46 ,149.45 
1969,6,910.27 ,165.64 
1969,7,900.99 ,182.12 
1969,8,896.31 ,200.04 
1969,9,896.99 ,218.77 
1969,10,894.63 ,238.06 
1969,11,897.61 ,257.61 
1969,12,892.97 ,276.38 
1970,1,886.93 ,295.34 
1970,2,889.44 ,313.57 
1970,3,890.77 ,329.23 
1970,4,895.40 ,346.32 
1970,5,895.58 ,1.28 
1970,6,897.25 ,16.25 
1970,7,894.98 ,30.63 
1970,8,893.67 ,44.55 
1970,9,886.70 ,58.17 
1970,10,873.07 ,71.19 
1970,11,852.55 ,84.67 
1970,12,834.97 ,98.31 
1971,1,808.41 ,112.25 
1971,2,781.57 ,126.65 
1971,3,766.40 ,140.14 
1971,4,751.32 ,155.82 
1971,5,731.92 ,171.79 
1971,6,716.07 ,189.78 
1971,7,705.74 ,207.45 
1971,8,700.56 ,226.43 
1971,9,694.98 ,245.87 
1971,10,701.16 ,264.76 
1971,11,702.60 ,284.67 
1971,12,708.21 ,302.73 
1972,1,722.18 ,320.62 
1972,2,724.69 ,337.62 
1972,3,729.67 ,352.68 
1972,4,735.60 ,8.35 
1972,5,737.03 ,22.55 
1972,6,726.28 ,36.71 
1972,7,713.43 ,50.02 
1972,8,700.64 ,64.01 
1972,9,684.30 ,77.47 
1972,10,676.61 ,90.55 
1972,11,668.08 ,104.30 
1972,12,651.71 ,117.95 
1973,1,632.09 ,133.08 
1973,2,612.31 ,148.41 
1973,3,602.81 ,162.88 
1973,4,596.56 ,179.79 
1973,5,587.82 ,197.00 
1973,6,580.61 ,215.60 
1973,7,573.92 ,234.82 
1973,8,568.04 ,254.35 
1973,9,560.67 ,273.81 
1973,10,553.50 ,292.23 
1973,11,549.98 ,310.59 
1973,12,548.94 ,328.09 
1974,1,554.25 ,344.70 
1974,2,561.20 ,0.26 
1974,3,559.42 ,14.30 
1974,4,558.61 ,28.74 
1974,5,561.83 ,42.25 
1974,6,561.60 ,55.91 
1974,7,559.71 ,68.95 
1974,8,555.63 ,82.42 
1974,9,551.29 ,96.47 
1974,10,543.58 ,109.90 
1974,11,532.12 ,124.21 
1974,12,522.94 ,138.61 
1975,1,514.09 ,154.22 
1975,2,510.85 ,171.22 
1975,3,507.84 ,186.81 
1975,4,497.32 ,204.97 
1975,5,490.10 ,223.23 
1975,6,487.16 ,242.61 
1975,7,483.44 ,262.16 
1975,8,480.49 ,281.50 
1975,9,480.97 ,300.28 
1975,10,484.74 ,317.70 
1975,11,487.57 ,334.85 
1975,12,488.27 ,350.58 
1976,1,484.10 ,6.35 
1976,2,476.15 ,21.11 
1976,3,472.72 ,34.38 
1976,4,474.34 ,48.66 
1976,5,475.96 ,61.77 
1976,6,475.31 ,75.23 
1976,7,474.69 ,88.29 
1976,8,474.04 ,101.99 
1976,9,473.40 ,116.51 
1976,10,472.78 ,130.59 
1976,11,472.13 ,145.80 
1976,12,472.97 ,161.24 
1977,1,475.52 ,178.06 
1977,2,479.98 ,195.79 
1977,3,480.97 ,213.08 
1977,4,477.83 ,232.23 
1977,5,477.74 ,251.09 
1977,6,482.77 ,270.59 
1977,7,490.02 ,289.09 
1977,8,495.48 ,308.19 
1977,9,502.65 ,325.81 
1977,10,511.23 ,342.00 
1977,11,519.15 ,357.89 
1977,12,527.69 ,12.82 
1978,1,538.63 ,27.32 
1978,2,557.62 ,41.33 
1978,3,580.05 ,53.65 
1978,4,608.31 ,67.16 
1978,5,636.08 ,80.62 
1978,6,659.39 ,94.19 
1978,7,679.49 ,107.56 
1978,8,694.92 ,121.79 
1978,9,717.61 ,136.59 
1978,10,748.50 ,152.09 
1978,11,775.56 ,168.42 
1978,12,799.23 ,185.05 
1979,1,827.06 ,203.11 
1979,2,863.96 ,221.95 
1979,3,886.12 ,240.01 
1979,4,903.27 ,259.56 
1979,5,918.57 ,278.31 
1979,6,922.01 ,297.20 
1979,7,936.50 ,314.75 
1979,8,953.64 ,332.05 
1979,9,976.75 ,348.99 
1979,10,1000.77 ,3.82 
1979,11,1021.71 ,18.69 
1979,12,1036.15 ,32.97 
1980,1,1053.74 ,46.83 
1980,2,1076.91 ,60.42 
1980,3,1093.82 ,72.99 
1980,4,1101.70 ,86.48 
1980,5,1101.62 ,100.14 
1980,6,1105.25 ,114.14 
1980,7,1103.89 ,128.13 
1980,8,1117.78 ,143.21 
1980,9,1132.89 ,159.06 
1980,10,1140.68 ,175.20 
1980,11,1140.10 ,193.37 
1980,12,1134.40 ,211.19 
1981,1,1131.37 ,230.29 
1981,2,1122.84 ,249.78 
1981,3,1116.15 ,267.36 
1981,4,1107.91 ,287.20 
1981,5,1100.74 ,305.16 
1981,6,1097.62 ,322.94 
1981,7,1085.35 ,339.27 
1981,8,1078.04 ,355.30 
1981,9,1078.82 ,10.84 
1981,10,1079.73 ,24.94 
1981,11,1074.43 ,39.02 
1981,12,1061.38 ,52.29 
1982,1,1045.49 ,66.26 
1982,2,1045.61 ,79.72 
1982,3,1053.07 ,91.91 
1982,4,1060.63 ,105.69 
1982,5,1062.69 ,119.38 
1982,6,1059.02 ,134.58 
1982,7,1053.92 ,149.45 
1982,8,1044.62 ,165.64 
1982,9,1041.06 ,182.70 
1982,10,1045.31 ,200.04 
1982,11,1052.21 ,218.77 
1982,12,1053.11 ,238.06 
1983,1,1042.05 ,257.61 
1983,2,1028.59 ,277.02 
1983,3,1030.13 ,294.10 
1983,4,1024.98 ,312.38 
1983,5,1011.15 ,329.80 
1983,6,995.37 ,346.32 
1983,7,980.03 ,1.28 
1983,8,963.05 ,16.74 
1983,9,949.21 ,31.10 
1983,10,941.02 ,44.55 
1983,11,934.20 ,58.17 
1983,12,918.46 ,71.19 
1984,1,882.66 ,84.67 
1984,2,851.34 ,98.76 
1984,3,835.11 ,111.78 
1984,4,831.77 ,126.17 
1984,5,830.00 ,140.65 
1984,6,822.20 ,156.36 
1984,7,813.60 ,172.92 
1984,8,797.59 ,190.38 
1984,9,775.17 ,208.69 
1984,10,757.91 ,227.07 
1984,11,733.07 ,246.52 
1984,12,694.09 ,265.41 
1985,1,687.47 ,285.31 
1985,2,697.38 ,303.95 
1985,3,690.74 ,320.04 
1985,4,670.35 ,337.06 
1985,5,648.45 ,352.68 
1985,6,627.24 ,8.35 
1985,7,608.55 ,22.55 
1985,8,599.01 ,36.71 
1985,9,580.88 ,50.93 
1985,10,549.99 ,64.01 
1985,11,521.03 ,77.47 
1985,12,501.40 ,90.55 
1986,1,491.87 ,104.30 
1986,2,484.80 ,118.43 
1986,3,482.17 ,132.08 
1986,4,481.56 ,147.36 
1986,5,478.89 ,162.88 
1986,6,477.78 ,179.79 
1986,7,477.81 ,197.00 
1986,8,475.68 ,216.23 
1986,9,468.07 ,235.47 
1986,10,463.55 ,254.35 
1986,11,464.19 ,273.81 
1986,12,467.27 ,292.23 
1987,1,465.63 ,311.19 
1987,2,464.56 ,328.66 
1987,3,461.37 ,343.62 
1987,4,464.31 ,0.26 
1987,5,469.39 ,14.30 
1987,6,474.06 ,28.74 
1987,7,478.24 ,42.25 
1987,8,484.79 ,55.91 
1987,9,493.45 ,69.40 
1987,10,500.25 ,82.87 
1987,11,506.95 ,96.47 
1987,12,513.46 ,109.90 
1988,1,523.67 ,124.21 
1988,2,536.06 ,139.12 
1988,3,549.00 ,154.22 
1988,4,566.27 ,170.66 
1988,5,578.60 ,187.40 
1988,6,596.30 ,205.58 
1988,7,621.85 ,223.87 
1988,8,646.84 ,243.27 
1988,9,673.32 ,263.46 
1988,10,701.01 ,282.13 
1988,11,733.93 ,300.89 
1988,12,787.35 ,318.28 
1989,1,838.70 ,335.40 
1989,2,886.79 ,352.16 
1989,3,911.16 ,5.84 
1989,4,934.01 ,20.62 
1989,5,971.03 ,34.84 
1989,6,1002.35 ,48.66 
1989,7,1020.60 ,61.77 
1989,8,1043.54 ,75.23 
1989,9,1061.03 ,88.74 
1989,10,1078.59 ,101.99 
1989,11,1078.82 ,116.51 
1989,12,1079.49 ,130.59 
1990,1,1074.83 ,145.80 
1990,2,1080.52 ,161.78 
1990,3,1081.37 ,176.91 
1990,4,1060.15 ,195.18 
1990,5,1049.39 ,213.08 
1990,6,1052.89 ,232.23 
1990,7,1043.42 ,251.09 
1990,8,1036.40 ,270.59 
1990,9,1024.40 ,290.35 
1990,10,1018.82 ,308.19 
1990,11,1021.13 ,325.81 
1990,12,1030.50 ,342.00 
1991,1,1032.24 ,357.89 
1991,2,1032.43 ,13.31 
1991,3,1044.97 ,26.37 
1991,4,1057.47 ,40.41 
1991,5,1056.96 ,53.65 
1991,6,1056.53 ,67.60 
1991,7,1054.55 ,80.62 
1991,8,1053.29 ,94.19 
1991,9,1055.64 ,108.02 
1991,10,1054.12 ,121.79 
1991,11,1044.40 ,137.09 
1991,12,1030.16 ,152.09 
1992,1,1009.48 ,168.42 
1992,2,976.95 ,185.63 
1992,3,942.44 ,202.50 
1992,4,904.54 ,221.31 
1992,5,882.68 ,240.66 
1992,6,867.77 ,260.21 
1992,7,846.03 ,278.94 
1992,8,810.40 ,297.82 
1992,9,777.65 ,315.93 
1992,10,760.07 ,333.17 
1992,11,746.95 ,349.52 
1992,12,740.36 ,4.33 
1993,1,730.47 ,19.17 
1993,2,720.87 ,33.91 
1993,3,708.97 ,46.38 
1993,4,691.20 ,59.97 
1993,5,671.84 ,72.99 
1993,6,652.95 ,86.48 
1993,7,645.96 ,100.14 
1993,8,636.91 ,114.14 
1993,9,619.68 ,128.62 
1993,10,603.99 ,143.21 
1993,11,588.81 ,159.06 
1993,12,578.95 ,175.77 
1994,1,571.29 ,193.37 
1994,2,563.91 ,211.82 
1994,3,561.74 ,229.00 
1994,4,562.51 ,248.48 
1994,5,559.84 ,268.00 
1994,6,553.03 ,287.20 
1994,7,542.45 ,305.16 
1994,8,534.66 ,322.94 
1994,9,533.39 ,339.81 
1994,10,532.56 ,355.30 
1994,11,530.57 ,10.84 
1994,12,527.30 ,24.94 
1995,1,521.53 ,39.02 
1995,2,516.05 ,53.20 
1995,3,511.64 ,65.36 
1995,4,504.45 ,78.82 
1995,5,498.40 ,91.91 
1995,6,494.59 ,105.69 
1995,7,490.49 ,119.86 
1995,8,483.99 ,134.58 
1995,9,475.83 ,149.98 
1995,10,470.54 ,165.64 
1995,11,467.55 ,182.70 
1995,12,465.62 ,200.04 
1996,1,463.98 ,219.40 
1996,2,463.22 ,238.71 
1996,3,462.12 ,256.96 
1996,4,460.12 ,276.38 
1996,5,459.18 ,294.72 
1996,6,458.20 ,313.57 
1996,7,457.26 ,330.36 
1996,8,456.27 ,346.85 
1996,9,455.28 ,2.30 
1996,10,454.32 ,17.23 
1996,11,455.06 ,31.57 
1996,12,456.20 ,45.00 
1997,1,455.42 ,58.62 
1997,2,455.15 ,72.09 
1997,3,455.46 ,84.67 
1997,4,457.12 ,98.31 
1997,5,460.86 ,111.78 
1997,6,463.46 ,126.17 
1997,7,464.07 ,140.65 
1997,8,465.92 ,156.90 
1997,9,474.10 ,173.49 
1997,10,483.86 ,190.38 
1997,11,490.48 ,208.69 
1997,12,498.04 ,227.07 
1998,1,471.25 ,246.52 
1998,2,467.41 ,266.71 
1998,3,468.48 ,284.04 
1998,4,505.77 ,302.73 
1998,5,547.55 ,320.04 
1998,6,541.66 ,337.06 
1998,7,539.17 ,353.21 
1998,8,528.36 ,8.35 
1998,9,535.56 ,23.03 
1998,10,525.54 ,37.17 
1998,11,533.02 ,50.93 
1998,12,560.58 ,64.01 
1999,1,573.83 ,77.47 
1999,2,576.78 ,91.00 
1999,3,584.03 ,103.37 
1999,4,584.05 ,117.95 
1999,5,596.07 ,132.08 
1999,6,600.91 ,147.36 
1999,7,581.27 ,162.88 
1999,8,591.54 ,179.79 
1999,9,619.28 ,198.21 
1999,10,667.03 ,216.23 
1999,11,707.94 ,235.47 
1999,12,742.18 ,254.35 
2000,1,776.24 ,273.81 
2000,2,797.27 ,292.85 
2000,3,837.75 ,310.59 
2000,4,857.60 ,328.09 
2000,5,909.07 ,344.16 
2000,6,947.84 ,0.26 
2000,7,1020.64 ,14.79 
2000,8,1043.28 ,29.21 
2000,9,1068.59 ,43.17 
2000,10,1064.77 ,56.36 
2000,11,1109.13 ,70.29 
2000,12,1126.91 ,83.32 
2001,1,1124.69 ,96.93 
2001,2,1113.22 ,110.84 
2001,3,1067.52 ,123.73 
2001,4,1108.13 ,139.12 
2001,5,1034.01 ,154.22 
2001,6,982.66 ,170.66 
2001,7,969.97 ,187.40 
2001,8,941.87 ,205.58 
2001,9,968.56 ,224.51 
2001,10,1001.86 ,243.92 
2001,11,980.22 ,263.46 
2001,12,947.38 ,282.13 
2002,1,971.61 ,300.89 
2002,2,921.69 ,318.87 
2002,3,913.99 ,334.85 
2002,4,944.46 ,351.10 
2002,5,936.20 ,5.84 
2002,6,927.21 ,21.11 
2002,7,913.01 ,34.84 
2002,8,983.40 ,48.66 
2002,9,949.62 ,62.22 
2002,10,909.06 ,75.23 
2002,11,941.88 ,88.74 
2002,12,946.95 ,102.45 
2003,1,917.88 ,116.51 
2003,2,901.00 ,131.09 
2003,3,914.22 ,144.76 
2003,4,920.56 ,160.69 
2003,5,932.74 ,177.49 
2003,6,955.07 ,195.18 
2003,7,946.04 ,213.08 
2003,8,930.81 ,232.23 
2003,9,924.44 ,251.74 
2003,10,916.48 ,270.59 
2003,11,1024.71 ,290.35 
2003,12,1017.63 ,308.19 
2004,1,970.10 ,325.81 
2004,2,919.60 ,342.54 
2004,3,884.17 ,357.37 
2004,4,825.01 ,12.82 
2004,5,810.87 ,26.84 
2004,6,783.71 ,40.87 
2004,7,779.08 ,54.55 
2004,8,764.46 ,68.05 
2004,9,760.60 ,81.52 
2004,10,715.88 ,94.65 
2004,11,714.38 ,108.49 
2004,12,711.08 ,122.28 
2005,1,745.52 ,137.60 
2005,2,749.50 ,153.15 
2005,3,729.45 ,167.86 
2005,4,718.16 ,185.05 
2005,5,735.25 ,202.50 
2005,6,703.53 ,221.95 
2005,7,688.23 ,240.66 
2005,8,733.37 ,260.21 
2005,9,767.24 ,279.58 
2005,10,706.82 ,297.82 
2005,11,662.02 ,315.93 
2005,12,655.81 ,333.17 
2006,1,637.46 ,349.52 
2006,2,616.23 ,4.84 
2006,3,596.85 ,18.69 
2006,4,585.83 ,32.97 
2006,5,570.78 ,46.38 
2006,6,564.74 ,59.97 
2006,7,561.85 ,72.99 
2006,8,561.66 ,86.93 
2006,9,554.45 ,100.60 
2006,10,549.16 ,114.14 
2006,11,539.53 ,128.62 
2006,12,567.69 ,143.21 
2007,1,541.40 ,159.06 
2007,2,542.31 ,176.34 
2007,3,526.79 ,192.17 
2007,4,512.78 ,210.57 
2007,5,504.66 ,229.00 
2007,6,500.76 ,248.48 
2007,7,494.64 ,268.00 
2007,8,494.40 ,287.20 
2007,9,489.24 ,305.77 
2007,10,485.71 ,322.94 
2007,11,487.58 ,339.81 
2007,12,482.63 ,355.82 
2008,1,483.66 ,10.84 
2008,2,484.22 ,25.42 
2008,3,487.80 ,39.02 
2008,4,485.90 ,52.74 
2008,5,484.84 ,65.81 
2008,6,482.35 ,79.27 
2008,7,477.59 ,92.37 
2008,8,468.43 ,106.16 
2008,9,459.31 ,120.83 
2008,10,457.00 ,135.08 
2008,11,455.32 ,150.51 
2008,12,448.45 ,166.19 
2009,1,444.82 ,183.29 
2009,2,435.33 ,201.88 
2009,3,430.25 ,218.77 
2009,4,425.06 ,238.06 
2009,5,421.78 ,256.96 
2009,6,420.97 ,276.38 
2009,7,416.21 ,294.72 
2009,8,418.93 ,313.57 
2009,9,417.71 ,330.93 
2009,10,410.99 ,346.85 
2009,11,412.35 ,2.81 
2009,12,403.79 ,17.23 
2010,1,406.10 ,31.57 
2010,2,418.81 ,45.46 
2010,3,433.93 ,57.72 
2010,4,463.76 ,71.64 
2010,5,462.43 ,84.67 
2010,6,467.88 ,98.31 
2010,7,465.83 ,111.78 
2010,8,478.78 ,126.17 
2010,9,476.00 ,141.16 
2010,10,482.99 ,156.90 
2010,11,489.22 ,173.49 
2010,12,499.15 ,190.38 
2011,1,495.40 ,208.69 
2011,2,499.68 ,227.72 
2011,3,511.67 ,245.87 
2011,4,555.67 ,265.41 
2011,5,550.68 ,284.04 
2011,6,580.04 ,302.73 
2011,7,580.63 ,320.04 
2011,8,586.11 ,337.62 
2011,9,586.71 ,353.73 
2011,10,607.78 ,8.35 
2011,11,587.26 ,23.03 
2011,12,568.28 ,37.17 
2012,1,580.35 ,50.93 
2012,2,589.03 ,64.46 
2012,3,633.76 ,77.02 
2012,4,631.24 ,90.55 
2012,5,608.74 ,104.30 
2012,6,637.42 ,118.43 
2012,7,660.29 ,132.58 
2012,8,717.40 ,147.88 
2012,9,707.94 ,163.98 
2012,10,720.15 ,180.95 
2012,11,715.42 ,198.82 
2012,12,720.96 ,216.86 
2013,1,698.97 ,236.12 
2013,2,686.48 ,255.65 
2013,3,697.11 ,273.17 
2013,4,697.74 ,292.85 
2013,5,776.34 ,310.59 
2013,6,784.03 ,328.09 
2013,7,787.50 ,344.16 
2013,8,797.45 ,0.26 
2013,9,826.17 ,15.28 
2013,10,819.77 ,29.21 
2013,11,835.12 ,43.17 
2013,12,841.01 ,56.81 
2014,1,854.51 ,70.29 
2014,2,842.92 ,83.77 
2014,3,863.62 ,96.02 
2014,4,842.15 ,109.90 
2014,5,816.29 ,123.73 
2014,6,822.83 ,139.12 
2014,7,817.34 ,154.22 
2014,8,779.53 ,170.66 
2014,9,728.83 ,188.00 
2014,10,735.21 ,205.58 
2014,11,711.87 ,225.15 
2014,12,725.52 ,243.92 
2015,1,732.36 ,263.46 
2015,2,737.57 ,282.77 
2015,3,786.59 ,299.67 
2015,4,792.84 ,318.28 
2015,5,775.02 ,334.85 
2015,6,738.38 ,351.10 
2015,7,712.59 ,5.84 
2015,8,693.44 ,21.11 
2015,9,686.10 ,35.31 
2015,10,680.53 ,48.66 
2015,11,657.08 ,62.22 
2015,12,629.50 ,75.23 
2016,1,602.78 ,89.19 
2016,2,584.03 ,102.91 
2016,3,574.54 ,116.04 
2016,4,572.52 ,130.59 
2016,5,562.06 ,145.28 
2016,6,554.02 ,161.24 
2016,7,552.58 ,178.06 
2016,8,533.07 ,195.79 
2016,9,528.06 ,214.34 
2016,10,511.15 ,232.88 
2016,11,492.28 ,252.39 
2016,12,485.99 ,271.88 
2017,1,476.20 ,290.97 
2017,2,467.07 ,309.39 
2017,3,460.96 ,325.24 
2017,4,464.92 ,342.00 
2017,5,454.14 ,357.89 
2017,6,446.47 ,12.82 
2017,7,461.74 ,26.84 
2017,8,483.58 ,40.87 
2017,9,504.92 ,55.01 
2017,10,488.27 ,68.05 
2017,11,460.66 ,81.52 
2017,12,447.69 ,94.65 
2018,1,441.44 ,108.49 
2018,2,435.14 ,123.24 
2018,3,429.18 ,136.59 
2018,4,429.54 ,152.09 
2018,5,429.00 ,167.86 
2018,6,424.58 ,185.05 
2018,7,420.58 ,203.11 
2018,8,422.46 ,221.95 
2018,9,420.39 ,241.31 
2018,10,415.60 ,260.21 
2018,11,416.72 ,279.58 
2018,12,413.60 ,297.82 
2019,1,410.75 ,316.52 
2019,2,406.97 ,333.73 
2019,3,402.82 ,348.45 
2019,4,400.88 ,4.33 
2019,5,409.24 ,18.69 
2019,6,399.87 ,32.97 
2019,7,402.21 ,46.38 
2019,8,401.29 ,59.97 
2019,9,400.94 ,73.88 
2019,10,398.20 ,86.93 
2019,11,395.44 ,100.60 
2019,12,395.70 ,114.14 
2020,1,392.84 ,128.62 
2020,2,389.92 ,143.73 
2020,3,388.63 ,159.06 
2020,4,384.23 ,175.77 
2020,5,385.38 ,192.77 
2020,6,383.69 ,211.19 
2020,7,386.03 ,229.65 
2020,8,384.85 ,249.78 
2020,9,387.22 ,269.30 
2020,10,390.39 ,287.83 
2020,11,388.28 ,306.38 
2020,12,399.04 ,323.51 
2021,1,397.79 ,340.36 
2021,2,401.16 ,356.86 
2021,3,403.74 ,10.34 
2021,4,400.07 ,24.94 
2021,5,398.93 ,39.02 
2021,6,397.16 ,52.74 
2021,7,397.53 ,65.81 
2021,8,394.74 ,79.27 
2021,9,395.63 ,92.82 
2021,10,403.93 ,106.62 
2021,11,418.15 ,120.83 
2021,12,403.91 ,135.08 
2022,1,408.17 ,150.51 
2022,2,416.78 ,166.75 
2022,3,423.18 ,182.70 
2022,4,446.66 ,200.66 
2022,5,457.25 ,218.77 
2022,6,491.72 ,238.06 
2022,7,501.36 ,256.96 
2022,8,537.51 ,276.38 
2022,9,558.16 ,295.96 
2022,10,549.66 ,313.57 
2022,11,549.43 ,330.93 
2022,12,570.95 ,346.85 
2023,1,593.82 ,2.81 
2023,2,619.62 ,17.72 
2023,3,665.18 ,30.63 
2023,4,669.50 ,44.55 
2023,5,692.58 ,58.17 
2023,6,703.58 ,71.64 
2023,7,725.23 ,84.67 
2023,8,813.82 ,98.31 
2023,9,866.46 ,112.25 
2023,10,892.39 ,126.17 
2023,11,930.53 ,141.67 
2023,12,967.46 ,156.90 
2024,1,986.96 ,173.49 
2024,2,1000.49 ,190.97 
2024,3,1011.76 ,208.07 
2024,4,1006.96 ,227.72 
2024,5,1014.09 ,246.52 
2024,6,1061.83 ,266.06 
2024,7,1026.50 ,284.67 
2024,8,997.45 ,303.34 
2024,9,1048.08 ,321.20 
2024,10,1069.75 ,338.17 
2024,11,1085.25 ,354.25 
2024,12,1101.89 ,8.85 
